subject_id	func_path	log_path
sub-102041	/cbica/projects/grmpy/data/bids_datalad/sub-102041/ses-1/func/sub-102041_ses-1_task-fracback_acq-singleband_bold.nii.gz	/cbica/projects/grmpy/sourcedata/GRMPY_822831_log/SUBJECTS/102041/SESSIONS/10603/ACQUISITIONS/18/FILES/102041-frac2B_1.00.log
sub-103679	/cbica/projects/grmpy/data/bids_datalad/sub-103679/ses-1/func/sub-103679_ses-1_task-fracback_acq-singleband_bold.nii.gz	/cbica/projects/grmpy/sourcedata/GRMPY_822831_log/SUBJECTS/103679/SESSIONS/10110/ACQUISITIONS/13/FILES/103679-frac2B_1.00.log
sub-104235	/cbica/projects/grmpy/data/bids_datalad/sub-104235/ses-1/func/sub-104235_ses-1_task-fracback_acq-singleband_bold.nii.gz	/cbica/projects/grmpy/sourcedata/GRMPY_822831_log/SUBJECTS/104235/SESSIONS/10585/ACQUISITIONS/18/FILES/104235-frac2B_1.00.log
sub-104785	/cbica/projects/grmpy/data/bids_datalad/sub-104785/ses-1/func/sub-104785_ses-1_task-fracback_acq-singleband_bold.nii.gz	/cbica/projects/grmpy/sourcedata/GRMPY_822831_log/SUBJECTS/104785/SESSIONS/10779/ACQUISITIONS/18/FILES/104785-frac2B_1.00.log
sub-105168	/cbica/projects/grmpy/data/bids_datalad/sub-105168/ses-1/func/sub-105168_ses-1_task-fracback_acq-singleband_bold.nii.gz	/cbica/projects/grmpy/sourcedata/GRMPY_822831_log/SUBJECTS/105168/SESSIONS/10761/ACQUISITIONS/18/FILES/105168-frac2B_1.00.log
sub-105176	/cbica/projects/grmpy/data/bids_datalad/sub-105176/ses-1/func/sub-105176_ses-1_task-fracback_acq-singleband_bold.nii.gz	/cbica/projects/grmpy/sourcedata/GRMPY_822831_log/SUBJECTS/105176/SESSIONS/10571/ACQUISITIONS/18/FILES/105176-frac2B_1.00.log
sub-105767	/cbica/projects/grmpy/data/bids_datalad/sub-105767/ses-1/func/sub-105767_ses-1_task-fracback_acq-singleband_bold.nii.gz	/cbica/projects/grmpy/sourcedata/GRMPY_822831_log/SUBJECTS/105767/SESSIONS/10708/ACQUISITIONS/18/FILES/105767-frac2B_1.00.log
sub-105860	/cbica/projects/grmpy/data/bids_datalad/sub-105860/ses-1/func/sub-105860_ses-1_task-fracback_acq-singleband_bold.nii.gz	/cbica/projects/grmpy/sourcedata/GRMPY_822831_log/SUBJECTS/105860/SESSIONS/10641/ACQUISITIONS/19/FILES/105860-frac2B_1.00.log
sub-105979	/cbica/projects/grmpy/data/bids_datalad/sub-105979/ses-1/func/sub-105979_ses-1_task-fracback_acq-singleband_bold.nii.gz	/cbica/projects/grmpy/sourcedata/GRMPY_822831_log/SUBJECTS/105979/SESSIONS/10067/ACQUISITIONS/13/FILES/105979-frac2B_1.00.log
sub-106039	/cbica/projects/grmpy/data/bids_datalad/sub-106039/ses-1/func/sub-106039_ses-1_task-fracback_acq-singleband_bold.nii.gz	/cbica/projects/grmpy/sourcedata/GRMPY_822831_log/SUBJECTS/106039/SESSIONS/10626/ACQUISITIONS/18/FILES/106039-frac2B_1.00.log
sub-106071	/cbica/projects/grmpy/data/bids_datalad/sub-106071/ses-1/func/sub-106071_ses-1_task-fracback_acq-singleband_bold.nii.gz	/cbica/projects/grmpy/sourcedata/GRMPY_822831_log/SUBJECTS/106071/SESSIONS/10333/ACQUISITIONS/18/FILES/106071-frac2B_1.00.log
sub-106246	/cbica/projects/grmpy/data/bids_datalad/sub-106246/ses-1/func/sub-106246_ses-1_task-fracback_acq-singleband_bold.nii.gz	/cbica/projects/grmpy/sourcedata/GRMPY_822831_log/SUBJECTS/106246/SESSIONS/10593/ACQUISITIONS/18/FILES/106246-frac2B_1.00.log
sub-106331	/cbica/projects/grmpy/data/bids_datalad/sub-106331/ses-1/func/sub-106331_ses-1_task-fracback_acq-singleband_bold.nii.gz	/cbica/projects/grmpy/sourcedata/GRMPY_822831_log/SUBJECTS/106331/SESSIONS/10587/ACQUISITIONS/18/FILES/106331-frac2B_1.00.log
sub-106802	/cbica/projects/grmpy/data/bids_datalad/sub-106802/ses-1/func/sub-106802_ses-1_task-fracback_acq-singleband_bold.nii.gz	/cbica/projects/grmpy/sourcedata/GRMPY_822831_log/SUBJECTS/106802/SESSIONS/10856/ACQUISITIONS/18/FILES/106802-frac2B_1.00.log
sub-106880	/cbica/projects/grmpy/data/bids_datalad/sub-106880/ses-1/func/sub-106880_ses-1_task-fracback_acq-singleband_bold.nii.gz	/cbica/projects/grmpy/sourcedata/GRMPY_822831_log/SUBJECTS/106880/SESSIONS/10302/ACQUISITIONS/18/FILES/106880-frac2B_1.00.log
sub-107055	/cbica/projects/grmpy/data/bids_datalad/sub-107055/ses-1/func/sub-107055_ses-1_task-fracback_acq-singleband_bold.nii.gz	/cbica/projects/grmpy/sourcedata/GRMPY_822831_log/SUBJECTS/107055/SESSIONS/11231/ACQUISITIONS/bbl1_fracback1_231mb/FILES/107055-frac2B_1.00.log
sub-108202	/cbica/projects/grmpy/data/bids_datalad/sub-108202/ses-1/func/sub-108202_ses-1_task-fracback_acq-singleband_bold.nii.gz	/cbica/projects/grmpy/sourcedata/GRMPY_822831_log/SUBJECTS/108202/SESSIONS/10740/ACQUISITIONS/18/FILES/108202-frac2B_1.00.log
sub-109521	/cbica/projects/grmpy/data/bids_datalad/sub-109521/ses-1/func/sub-109521_ses-1_task-fracback_acq-singleband_bold.nii.gz	/cbica/projects/grmpy/sourcedata/GRMPY_822831_log/SUBJECTS/109521/SESSIONS/10682/ACQUISITIONS/18/FILES/109521-frac2B_1.00.log
sub-109646	/cbica/projects/grmpy/data/bids_datalad/sub-109646/ses-1/func/sub-109646_ses-1_task-fracback_acq-singlebandVARIANTObliquityFalse_bold.nii.gz	/cbica/projects/grmpy/sourcedata/GRMPY_822831_log/SUBJECTS/109646/SESSIONS/10608/ACQUISITIONS/18/FILES/109646-frac2B_1.00.log
sub-109735	/cbica/projects/grmpy/data/bids_datalad/sub-109735/ses-1/func/sub-109735_ses-1_task-fracback_acq-singleband_bold.nii.gz	/cbica/projects/grmpy/sourcedata/GRMPY_822831_log/SUBJECTS/109735/SESSIONS/10671/ACQUISITIONS/19/FILES/109735-frac2B_1.00.log
sub-110168	/cbica/projects/grmpy/data/bids_datalad/sub-110168/ses-1/func/sub-110168_ses-1_task-fracback_acq-singleband_bold.nii.gz	/cbica/projects/grmpy/sourcedata/GRMPY_822831_log/SUBJECTS/110168/SESSIONS/10095/ACQUISITIONS/14/FILES/110168-frac2B_1.00.log
sub-110354	/cbica/projects/grmpy/data/bids_datalad/sub-110354/ses-1/func/sub-110354_ses-1_task-fracback_acq-singleband_bold.nii.gz	/cbica/projects/grmpy/sourcedata/GRMPY_822831_log/SUBJECTS/110354/SESSIONS/10910/ACQUISITIONS/18/FILES/110354-frac2B_1.00.log
sub-112028	/cbica/projects/grmpy/data/bids_datalad/sub-112028/ses-1/func/sub-112028_ses-1_task-fracback_acq-singleband_bold.nii.gz	/cbica/projects/grmpy/sourcedata/GRMPY_822831_log/SUBJECTS/112028/SESSIONS/11225/ACQUISITIONS/bbl1_fracback1_231mb/FILES/112028-frac2B_1.00.log
sub-112061	/cbica/projects/grmpy/data/bids_datalad/sub-112061/ses-1/func/sub-112061_ses-1_task-fracback_acq-singleband_bold.nii.gz	/cbica/projects/grmpy/sourcedata/GRMPY_822831_log/SUBJECTS/112061/SESSIONS/10056/ACQUISITIONS/14/FILES/112061-frac2B_1.00.log
sub-112126	/cbica/projects/grmpy/data/bids_datalad/sub-112126/ses-1/func/sub-112126_ses-1_task-fracback_acq-singleband_bold.nii.gz	/cbica/projects/grmpy/sourcedata/GRMPY_822831_log/SUBJECTS/112126/SESSIONS/9968/ACQUISITIONS/12/FILES/112126-frac2B_1.00.log
sub-112249	/cbica/projects/grmpy/data/bids_datalad/sub-112249/ses-1/func/sub-112249_ses-1_task-fracback_acq-singleband_bold.nii.gz	/cbica/projects/grmpy/sourcedata/GRMPY_822831_log/SUBJECTS/112249/SESSIONS/10594/ACQUISITIONS/18/FILES/112249-frac2B_1.00.log
sub-112332	/cbica/projects/grmpy/data/bids_datalad/sub-112332/ses-1/func/sub-112332_ses-1_task-fracback_acq-singleband_bold.nii.gz	/cbica/projects/grmpy/sourcedata/GRMPY_822831_log/SUBJECTS/112332/SESSIONS/10640/ACQUISITIONS/18/FILES/112332-frac2B_1.00.log
sub-112694	/cbica/projects/grmpy/data/bids_datalad/sub-112694/ses-1/func/sub-112694_ses-1_task-fracback_acq-singleband_bold.nii.gz	/cbica/projects/grmpy/sourcedata/GRMPY_822831_log/SUBJECTS/112694/SESSIONS/10632/ACQUISITIONS/18/FILES/112694-frac2B_1.00.log
sub-113111	/cbica/projects/grmpy/data/bids_datalad/sub-113111/ses-1/func/sub-113111_ses-1_task-fracback_acq-singleband_bold.nii.gz	/cbica/projects/grmpy/sourcedata/GRMPY_822831_log/SUBJECTS/113111/SESSIONS/9958/ACQUISITIONS/12/FILES/113111-frac2B_1.00.log
sub-114709	/cbica/projects/grmpy/data/bids_datalad/sub-114709/ses-1/func/sub-114709_ses-1_task-fracback_acq-singleband_bold.nii.gz	/cbica/projects/grmpy/sourcedata/GRMPY_822831_log/SUBJECTS/114709/SESSIONS/10275/ACQUISITIONS/21/FILES/114709-frac2B_1.00.log
sub-114713	/cbica/projects/grmpy/data/bids_datalad/sub-114713/ses-1/func/sub-114713_ses-1_task-fracback_acq-singleband_bold.nii.gz	/cbica/projects/grmpy/sourcedata/GRMPY_822831_log/SUBJECTS/114713/SESSIONS/10107/ACQUISITIONS/13/FILES/114713-frac2B_1.00.log
sub-114723		/cbica/projects/grmpy/sourcedata/GRMPY_822831_log/SUBJECTS/114723/SESSIONS/11256/ACQUISITIONS/bbl1_fracback1_231mb/FILES/114723-frac2B_1.00.log
sub-114935	/cbica/projects/grmpy/data/bids_datalad/sub-114935/ses-1/func/sub-114935_ses-1_task-fracback_acq-singleband_bold.nii.gz	/cbica/projects/grmpy/sourcedata/GRMPY_822831_log/SUBJECTS/114935/SESSIONS/10916/ACQUISITIONS/18/FILES/114935-frac2B_1.00.log
sub-114990	/cbica/projects/grmpy/data/bids_datalad/sub-114990/ses-1/func/sub-114990_ses-1_task-fracback_acq-singleband_bold.nii.gz	/cbica/projects/grmpy/sourcedata/GRMPY_822831_log/SUBJECTS/114990/SESSIONS/10096/ACQUISITIONS/13/FILES/114990-frac2B_1.00.log
sub-115800	/cbica/projects/grmpy/data/bids_datalad/sub-115800/ses-1/func/sub-115800_ses-1_task-fracback_acq-singleband_bold.nii.gz	/cbica/projects/grmpy/sourcedata/GRMPY_822831_log/SUBJECTS/115800/SESSIONS/11253/ACQUISITIONS/bbl1_fracback1_231mb/FILES/115800-frac2B_1.00.log
sub-116019	/cbica/projects/grmpy/data/bids_datalad/sub-116019/ses-1/func/sub-116019_ses-1_task-fracback_acq-singleband_bold.nii.gz	/cbica/projects/grmpy/sourcedata/GRMPY_822831_log/SUBJECTS/116019/SESSIONS/10078/ACQUISITIONS/13/FILES/116019-frac2B_1.00.log
sub-116051	/cbica/projects/grmpy/data/bids_datalad/sub-116051/ses-1/func/sub-116051_ses-1_task-fracback_acq-singleband_bold.nii.gz	/cbica/projects/grmpy/sourcedata/GRMPY_822831_log/SUBJECTS/116051/SESSIONS/10098/ACQUISITIONS/13/FILES/116051-frac2B_1.00.log
sub-116210	/cbica/projects/grmpy/data/bids_datalad/sub-116210/ses-1/func/sub-116210_ses-1_task-fracback_acq-singleband_bold.nii.gz	/cbica/projects/grmpy/sourcedata/GRMPY_822831_log/SUBJECTS/116210/SESSIONS/10102/ACQUISITIONS/13/FILES/116210-frac2B_1.00.log
sub-116354	/cbica/projects/grmpy/data/bids_datalad/sub-116354/ses-1/func/sub-116354_ses-1_task-fracback_acq-singleband_bold.nii.gz	/cbica/projects/grmpy/sourcedata/GRMPY_822831_log/SUBJECTS/116354/SESSIONS/10643/ACQUISITIONS/18/FILES/116354-frac2B_1.00.log
sub-116360	/cbica/projects/grmpy/data/bids_datalad/sub-116360/ses-1/func/sub-116360_ses-1_task-fracback_acq-singleband_bold.nii.gz	/cbica/projects/grmpy/sourcedata/GRMPY_822831_log/SUBJECTS/116360/SESSIONS/10097/ACQUISITIONS/13/FILES/116360-frac2B_1.00.log
sub-117226	/cbica/projects/grmpy/data/bids_datalad/sub-117226/ses-1/func/sub-117226_ses-1_task-fracback_acq-singleband_bold.nii.gz	/cbica/projects/grmpy/sourcedata/GRMPY_822831_log/SUBJECTS/117226/SESSIONS/10074/ACQUISITIONS/22/FILES/117226-frac2B_1.00.log
sub-117397	/cbica/projects/grmpy/data/bids_datalad/sub-117397/ses-1/func/sub-117397_ses-1_task-fracback_acq-singleband_bold.nii.gz	/cbica/projects/grmpy/sourcedata/GRMPY_822831_log/SUBJECTS/117397/SESSIONS/10582/ACQUISITIONS/18/FILES/117397-frac2B_1.00.log
sub-119302	/cbica/projects/grmpy/data/bids_datalad/sub-119302/ses-1/func/sub-119302_ses-1_task-fracback_acq-singleband_bold.nii.gz	/cbica/projects/grmpy/sourcedata/GRMPY_822831_log/SUBJECTS/119302/SESSIONS/10122/ACQUISITIONS/13/FILES/119302-frac2B_1.00.log
sub-119791	/cbica/projects/grmpy/data/bids_datalad/sub-119791/ses-1/func/sub-119791_ses-1_task-fracback_acq-singleband_bold.nii.gz	/cbica/projects/grmpy/sourcedata/GRMPY_822831_log/SUBJECTS/119791/SESSIONS/10082/ACQUISITIONS/13/FILES/119791-frac2B_1.00.log
sub-120217	/cbica/projects/grmpy/data/bids_datalad/sub-120217/ses-1/func/sub-120217_ses-1_task-fracback_acq-singleband_bold.nii.gz	/cbica/projects/grmpy/sourcedata/GRMPY_822831_log/SUBJECTS/120217/SESSIONS/10702/ACQUISITIONS/18/FILES/120217-frac2B_1.00.log
sub-120562	/cbica/projects/grmpy/data/bids_datalad/sub-120562/ses-1/func/sub-120562_ses-1_task-fracback_acq-singleband_bold.nii.gz	/cbica/projects/grmpy/sourcedata/GRMPY_822831_log/SUBJECTS/120562/SESSIONS/10666/ACQUISITIONS/17/FILES/120562-frac2B_1.00.log
sub-121001	/cbica/projects/grmpy/data/bids_datalad/sub-121001/ses-1/func/sub-121001_ses-1_task-fracback_acq-singleband_bold.nii.gz	/cbica/projects/grmpy/sourcedata/GRMPY_822831_log/SUBJECTS/121001/SESSIONS/10494/ACQUISITIONS/18/FILES/121001-frac2B_1.00.log
sub-121050	/cbica/projects/grmpy/data/bids_datalad/sub-121050/ses-1/func/sub-121050_ses-1_task-fracback_acq-singleband_bold.nii.gz	/cbica/projects/grmpy/sourcedata/GRMPY_822831_log/SUBJECTS/121050/SESSIONS/10890/ACQUISITIONS/18/FILES/121050-frac2B_1.00.log
sub-121085	/cbica/projects/grmpy/data/bids_datalad/sub-121085/ses-1/func/sub-121085_ses-1_task-fracback_acq-singleband_bold.nii.gz	/cbica/projects/grmpy/sourcedata/GRMPY_822831_log/SUBJECTS/121085/SESSIONS/10015/ACQUISITIONS/13/FILES/121085-frac2B_1.00.log
sub-121407	/cbica/projects/grmpy/data/bids_datalad/sub-121407/ses-1/func/sub-121407_ses-1_task-fracback_acq-singleband_bold.nii.gz	/cbica/projects/grmpy/sourcedata/GRMPY_822831_log/SUBJECTS/121407/SESSIONS/10619/ACQUISITIONS/26/FILES/121407-frac2B_1.00.log
sub-122522	/cbica/projects/grmpy/data/bids_datalad/sub-122522/ses-1/func/sub-122522_ses-1_task-fracback_acq-singleband_bold.nii.gz	/cbica/projects/grmpy/sourcedata/GRMPY_822831_log/SUBJECTS/122522/SESSIONS/10540/ACQUISITIONS/18/FILES/122522-frac2B_1.00.log
sub-122528	/cbica/projects/grmpy/data/bids_datalad/sub-122528/ses-1/func/sub-122528_ses-1_task-fracback_acq-singleband_bold.nii.gz	/cbica/projects/grmpy/sourcedata/GRMPY_822831_log/SUBJECTS/122528/SESSIONS/10697/ACQUISITIONS/18/FILES/122528-frac2B_1.00.log
sub-122916	/cbica/projects/grmpy/data/bids_datalad/sub-122916/ses-1/func/sub-122916_ses-1_task-fracback_acq-singleband_bold.nii.gz	/cbica/projects/grmpy/sourcedata/GRMPY_822831_log/SUBJECTS/122916/SESSIONS/10114/ACQUISITIONS/13/FILES/122916-frac2B_1.00.log
sub-125511	/cbica/projects/grmpy/data/bids_datalad/sub-125511/ses-1/func/sub-125511_ses-1_task-fracback_acq-singleband_bold.nii.gz	/cbica/projects/grmpy/sourcedata/GRMPY_822831_log/SUBJECTS/125511/SESSIONS/10565/ACQUISITIONS/18/FILES/125511-frac2B_1.00.log
sub-125535	/cbica/projects/grmpy/data/bids_datalad/sub-125535/ses-1/func/sub-125535_ses-1_task-fracback_acq-singleband_bold.nii.gz	/cbica/projects/grmpy/sourcedata/GRMPY_822831_log/SUBJECTS/125535/SESSIONS/10150/ACQUISITIONS/16/FILES/125535-frac2B_1.00.log
sub-125554	/cbica/projects/grmpy/data/bids_datalad/sub-125554/ses-1/func/sub-125554_ses-1_task-fracback_acq-singleband_bold.nii.gz	/cbica/projects/grmpy/sourcedata/GRMPY_822831_log/SUBJECTS/125554/SESSIONS/10058/ACQUISITIONS/13/FILES/125554-frac2B_1.00.log
sub-126176	/cbica/projects/grmpy/data/bids_datalad/sub-126176/ses-1/func/sub-126176_ses-1_task-fracback_acq-singleband_bold.nii.gz	/cbica/projects/grmpy/sourcedata/GRMPY_822831_log/SUBJECTS/126176/SESSIONS/10625/ACQUISITIONS/18/FILES/126176-frac2B_1.00.log
sub-126389	/cbica/projects/grmpy/data/bids_datalad/sub-126389/ses-1/func/sub-126389_ses-1_task-fracback_acq-singleband_bold.nii.gz	/cbica/projects/grmpy/sourcedata/GRMPY_822831_log/SUBJECTS/126389/SESSIONS/10855/ACQUISITIONS/18/FILES/126389-frac2B_1.00.log
sub-126554	/cbica/projects/grmpy/data/bids_datalad/sub-126554/ses-1/func/sub-126554_ses-1_task-fracback_acq-singleband_bold.nii.gz	/cbica/projects/grmpy/sourcedata/GRMPY_822831_log/SUBJECTS/126554/SESSIONS/10580/ACQUISITIONS/18/FILES/126554-frac2B_1.00.log
sub-126903	/cbica/projects/grmpy/data/bids_datalad/sub-126903/ses-1/func/sub-126903_ses-1_task-fracback_acq-singleband_bold.nii.gz	/cbica/projects/grmpy/sourcedata/GRMPY_822831_log/SUBJECTS/126903/SESSIONS/10112/ACQUISITIONS/13/FILES/126903-frac2B_1.00.log
sub-126921	/cbica/projects/grmpy/data/bids_datalad/sub-126921/ses-1/func/sub-126921_ses-1_task-fracback_acq-singleband_bold.nii.gz	/cbica/projects/grmpy/sourcedata/GRMPY_822831_log/SUBJECTS/126921/SESSIONS/11262/ACQUISITIONS/bbl1_fracback1_231mb/FILES/126921-frac2B_1.00.log
sub-127008	/cbica/projects/grmpy/data/bids_datalad/sub-127008/ses-1/func/sub-127008_ses-1_task-fracback_acq-singleband_bold.nii.gz	/cbica/projects/grmpy/sourcedata/GRMPY_822831_log/SUBJECTS/127008/SESSIONS/10573/ACQUISITIONS/18/FILES/127008-frac2B_1.00.log
sub-127236	/cbica/projects/grmpy/data/bids_datalad/sub-127236/ses-1/func/sub-127236_ses-1_task-fracback_acq-singleband_bold.nii.gz	/cbica/projects/grmpy/sourcedata/GRMPY_822831_log/SUBJECTS/127236/SESSIONS/10858/ACQUISITIONS/18/FILES/127236-frac2B_1.00.log
sub-127305	/cbica/projects/grmpy/data/bids_datalad/sub-127305/ses-1/func/sub-127305_ses-1_task-fracback_acq-singleband_bold.nii.gz	/cbica/projects/grmpy/sourcedata/GRMPY_822831_log/SUBJECTS/127305/SESSIONS/10152/ACQUISITIONS/16/FILES/127305-frac2B_1.00.log
sub-127417	/cbica/projects/grmpy/data/bids_datalad/sub-127417/ses-1/func/sub-127417_ses-1_task-fracback_acq-singleband_bold.nii.gz	/cbica/projects/grmpy/sourcedata/GRMPY_822831_log/SUBJECTS/127417/SESSIONS/10576/ACQUISITIONS/18/FILES/127417-frac2B_1.00.log
sub-127611	/cbica/projects/grmpy/data/bids_datalad/sub-127611/ses-1/func/sub-127611_ses-1_task-fracback_acq-singleband_bold.nii.gz	/cbica/projects/grmpy/sourcedata/GRMPY_822831_log/SUBJECTS/127611/SESSIONS/10445/ACQUISITIONS/19/FILES/127611-frac2B_1.00.log
sub-128154	/cbica/projects/grmpy/data/bids_datalad/sub-128154/ses-1/func/sub-128154_ses-1_task-fracback_acq-singleband_bold.nii.gz	/cbica/projects/grmpy/sourcedata/GRMPY_822831_log/SUBJECTS/128154/SESSIONS/10572/ACQUISITIONS/18/FILES/128154-frac2B_1.00.log
sub-129552	/cbica/projects/grmpy/data/bids_datalad/sub-129552/ses-1/func/sub-129552_ses-1_task-fracback_acq-singleband_bold.nii.gz	/cbica/projects/grmpy/sourcedata/GRMPY_822831_log/SUBJECTS/129552/SESSIONS/10976/ACQUISITIONS/18/FILES/129552-frac2B_1.00.log
sub-129720	/cbica/projects/grmpy/data/bids_datalad/sub-129720/ses-1/func/sub-129720_ses-1_task-fracback_acq-singleband_bold.nii.gz	/cbica/projects/grmpy/sourcedata/GRMPY_822831_log/SUBJECTS/129720/SESSIONS/10607/ACQUISITIONS/19/FILES/129720-frac2B_1.00.log
sub-129886	/cbica/projects/grmpy/data/bids_datalad/sub-129886/ses-1/func/sub-129886_ses-1_task-fracback_acq-singleband_bold.nii.gz	/cbica/projects/grmpy/sourcedata/GRMPY_822831_log/SUBJECTS/129886/SESSIONS/10787/ACQUISITIONS/18/FILES/129886-frac2B_1.00.log
sub-129926	/cbica/projects/grmpy/data/bids_datalad/sub-129926/ses-1/func/sub-129926_ses-1_task-fracback_acq-singleband_bold.nii.gz	/cbica/projects/grmpy/sourcedata/GRMPY_822831_log/SUBJECTS/129926/SESSIONS/10111/ACQUISITIONS/13/FILES/129926-frac2B_1.00.log
sub-130121		/cbica/projects/grmpy/sourcedata/GRMPY_822831_log/SUBJECTS/130121/SESSIONS/10786/ACQUISITIONS/18/FILES/130121-frac2B_1.00.log_doNOTuse.log
sub-130121		/cbica/projects/grmpy/sourcedata/GRMPY_822831_log/SUBJECTS/130121/SESSIONS/10786/ACQUISITIONS/19/FILES/130121-frac2B_1.1.log
sub-130211	/cbica/projects/grmpy/data/bids_datalad/sub-130211/ses-1/func/sub-130211_ses-1_task-fracback_acq-singleband_bold.nii.gz	/cbica/projects/grmpy/sourcedata/GRMPY_822831_log/SUBJECTS/130211/SESSIONS/10106/ACQUISITIONS/13/FILES/130211-frac2B_1.00.log
sub-130687	/cbica/projects/grmpy/data/bids_datalad/sub-130687/ses-1/func/sub-130687_ses-1_task-fracback_acq-singleband_bold.nii.gz	/cbica/projects/grmpy/sourcedata/GRMPY_822831_log/SUBJECTS/130687/SESSIONS/10385/ACQUISITIONS/18/FILES/130687-frac2B_1.00.log
sub-130896	/cbica/projects/grmpy/data/bids_datalad/sub-130896/ses-1/func/sub-130896_ses-1_task-fracback_acq-singleband_bold.nii.gz	/cbica/projects/grmpy/sourcedata/GRMPY_822831_log/SUBJECTS/130896/SESSIONS/9956/ACQUISITIONS/13/FILES/130896-frac2B_1.2.log
sub-131224	/cbica/projects/grmpy/data/bids_datalad/sub-131224/ses-1/func/sub-131224_ses-1_task-fracback_acq-singleband_bold.nii.gz	/cbica/projects/grmpy/sourcedata/GRMPY_822831_log/SUBJECTS/131224/SESSIONS/10434/ACQUISITIONS/18/FILES/131224-frac2B_1.00.log
sub-131867	/cbica/projects/grmpy/data/bids_datalad/sub-131867/ses-1/func/sub-131867_ses-1_task-fracback_acq-singleband_bold.nii.gz	/cbica/projects/grmpy/sourcedata/GRMPY_822831_log/SUBJECTS/131867/SESSIONS/10669/ACQUISITIONS/18/FILES/131867-frac2B_1.00.log
sub-132179	/cbica/projects/grmpy/data/bids_datalad/sub-132179/ses-1/func/sub-132179_ses-1_task-fracback_acq-singleband_bold.nii.gz	/cbica/projects/grmpy/sourcedata/GRMPY_822831_log/SUBJECTS/132179/SESSIONS/10780/ACQUISITIONS/18/FILES/132179-frac2B_1.00.log
sub-132224	/cbica/projects/grmpy/data/bids_datalad/sub-132224/ses-1/func/sub-132224_ses-1_task-fracback_acq-singleband_bold.nii.gz	/cbica/projects/grmpy/sourcedata/GRMPY_822831_log/SUBJECTS/132224/SESSIONS/10151/ACQUISITIONS/16/FILES/132224-frac2B_1.00.log
sub-132657	/cbica/projects/grmpy/data/bids_datalad/sub-132657/ses-1/func/sub-132657_ses-1_task-fracback_acq-singleband_bold.nii.gz	/cbica/projects/grmpy/sourcedata/GRMPY_822831_log/SUBJECTS/132657/SESSIONS/10616/ACQUISITIONS/18/FILES/132657-frac2B_1.00.log
sub-133220	/cbica/projects/grmpy/data/bids_datalad/sub-133220/ses-1/func/sub-133220_ses-1_task-fracback_acq-singleband_bold.nii.gz	
sub-139272	/cbica/projects/grmpy/data/bids_datalad/sub-139272/ses-1/func/sub-139272_ses-1_task-fracback_acq-singleband_bold.nii.gz	/cbica/projects/grmpy/sourcedata/GRMPY_822831_log/SUBJECTS/139272/SESSIONS/10109/ACQUISITIONS/13/FILES/139272-frac2B_1.00.log
sub-19977	/cbica/projects/grmpy/data/bids_datalad/sub-19977/ses-1/func/sub-19977_ses-1_task-fracback_acq-singleband_bold.nii.gz	/cbica/projects/grmpy/sourcedata/GRMPY_822831_log/SUBJECTS/19977/SESSIONS/10781/ACQUISITIONS/18/FILES/19977-frac2B_1.00.log
sub-19981	/cbica/projects/grmpy/data/bids_datalad/sub-19981/ses-1/func/sub-19981_ses-1_task-fracback_acq-singleband_bold.nii.gz	/cbica/projects/grmpy/sourcedata/GRMPY_822831_log/SUBJECTS/19981/SESSIONS/10852/ACQUISITIONS/18/FILES/19981-frac2B_1.00.log
sub-20011	/cbica/projects/grmpy/data/bids_datalad/sub-20011/ses-1/func/sub-20011_ses-1_task-fracback_acq-singleband_bold.nii.gz	/cbica/projects/grmpy/sourcedata/GRMPY_822831_log/SUBJECTS/20011/SESSIONS/10846/ACQUISITIONS/18/FILES/20011-frac2B_1.00.log
sub-20017	/cbica/projects/grmpy/data/bids_datalad/sub-20017/ses-1/func/sub-20017_ses-1_task-fracback_acq-singlebandVARIANTObliquityFalse_bold.nii.gz	/cbica/projects/grmpy/sourcedata/GRMPY_822831_log/SUBJECTS/20017/SESSIONS/10922/ACQUISITIONS/18/FILES/20017-frac2B_1.00.log
sub-20151	/cbica/projects/grmpy/data/bids_datalad/sub-20151/ses-1/func/sub-20151_ses-1_task-fracback_acq-singleband_bold.nii.gz	/cbica/projects/grmpy/sourcedata/GRMPY_822831_log/SUBJECTS/20151/SESSIONS/10947/ACQUISITIONS/18/FILES/20151-frac2B_1.00.log
sub-20153	/cbica/projects/grmpy/data/bids_datalad/sub-20153/ses-1/func/sub-20153_ses-1_task-fracback_acq-singleband_bold.nii.gz	/cbica/projects/grmpy/sourcedata/GRMPY_822831_log/SUBJECTS/20153/SESSIONS/10963/ACQUISITIONS/18/FILES/20153-frac2B_1.00.log
sub-20189	/cbica/projects/grmpy/data/bids_datalad/sub-20189/ses-1/func/sub-20189_ses-1_task-fracback_acq-singleband_bold.nii.gz	/cbica/projects/grmpy/sourcedata/GRMPY_822831_log/SUBJECTS/20189/SESSIONS/10988/ACQUISITIONS/18/FILES/20189-frac2B_1.00.log
sub-20197	/cbica/projects/grmpy/data/bids_datalad/sub-20197/ses-1/func/sub-20197_ses-1_task-fracback_acq-singleband_bold.nii.gz	/cbica/projects/grmpy/sourcedata/GRMPY_822831_log/SUBJECTS/20197/SESSIONS/10999/ACQUISITIONS/18/FILES/20197-frac2B_1.00.log
sub-20247	/cbica/projects/grmpy/data/bids_datalad/sub-20247/ses-1/func/sub-20247_ses-1_task-fracback_acq-singleband_bold.nii.gz	/cbica/projects/grmpy/sourcedata/GRMPY_822831_log/SUBJECTS/20247/SESSIONS/11123/ACQUISITIONS/18/FILES/20247-frac2B_1.00.log
sub-20313	/cbica/projects/grmpy/data/bids_datalad/sub-20313/ses-1/func/sub-20313_ses-1_task-fracback_acq-singleband_bold.nii.gz	/cbica/projects/grmpy/sourcedata/GRMPY_822831_log/SUBJECTS/20313/SESSIONS/11136/ACQUISITIONS/18/FILES/20313-frac2B_1.00.log
sub-20320	/cbica/projects/grmpy/data/bids_datalad/sub-20320/ses-1/func/sub-20320_ses-1_task-fracback_acq-singleband_bold.nii.gz	/cbica/projects/grmpy/sourcedata/GRMPY_822831_log/SUBJECTS/20320/SESSIONS/11108/ACQUISITIONS/18/FILES/20320-frac2B_1.00.log
sub-20322	/cbica/projects/grmpy/data/bids_datalad/sub-20322/ses-1/func/sub-20322_ses-1_task-fracback_acq-singleband_bold.nii.gz	/cbica/projects/grmpy/sourcedata/GRMPY_822831_log/SUBJECTS/20322/SESSIONS/11139/ACQUISITIONS/18/FILES/20322-frac2B_1.00.log
sub-20326	/cbica/projects/grmpy/data/bids_datalad/sub-20326/ses-1/func/sub-20326_ses-1_task-fracback_acq-singleband_bold.nii.gz	/cbica/projects/grmpy/sourcedata/GRMPY_822831_log/SUBJECTS/20326/SESSIONS/11192/ACQUISITIONS/bbl1_fracback1_231mb/FILES/20326-frac2B_1.00.log
sub-20327	/cbica/projects/grmpy/data/bids_datalad/sub-20327/ses-1/func/sub-20327_ses-1_task-fracback_acq-singleband_bold.nii.gz	/cbica/projects/grmpy/sourcedata/GRMPY_822831_log/SUBJECTS/20327/SESSIONS/11170/ACQUISITIONS/bbl1_fracback1_231mb/FILES/20327-frac2B_1.00.log
sub-20362	/cbica/projects/grmpy/data/bids_datalad/sub-20362/ses-1/func/sub-20362_ses-1_task-fracback_acq-singleband_bold.nii.gz	/cbica/projects/grmpy/sourcedata/GRMPY_822831_log/SUBJECTS/20362/SESSIONS/11149/ACQUISITIONS/18/FILES/20362-frac2B_1.00.log
sub-20387	/cbica/projects/grmpy/data/bids_datalad/sub-20387/ses-1/func/sub-20387_ses-1_task-fracback_acq-singleband_bold.nii.gz	/cbica/projects/grmpy/sourcedata/GRMPY_822831_log/SUBJECTS/20387/SESSIONS/11165/ACQUISITIONS/bbl1_fracback1_231mb/FILES/20387-frac2B_1.00.log
sub-20461	/cbica/projects/grmpy/data/bids_datalad/sub-20461/ses-1/func/sub-20461_ses-1_task-fracback_acq-singleband_bold.nii.gz	/cbica/projects/grmpy/sourcedata/GRMPY_822831_log/SUBJECTS/20461/SESSIONS/11193/ACQUISITIONS/bbl1_fracback1_231mb/FILES/20461-frac2B_1.00.log
sub-20589	/cbica/projects/grmpy/data/bids_datalad/sub-20589/ses-1/func/sub-20589_ses-1_task-fracback_acq-singleband_bold.nii.gz	/cbica/projects/grmpy/sourcedata/GRMPY_822831_log/SUBJECTS/20589/SESSIONS/11245/ACQUISITIONS/bbl1_fracback1_231mb/FILES/20589-frac2B_1.00.log
sub-20649	/cbica/projects/grmpy/data/bids_datalad/sub-20649/ses-1/func/sub-20649_ses-1_task-fracback_acq-singleband_bold.nii.gz	/cbica/projects/grmpy/sourcedata/GRMPY_822831_log/SUBJECTS/20649/SESSIONS/11287/ACQUISITIONS/bbl1_fracback1_231mb/FILES/20649-frac2B_1.00.log
sub-20699	/cbica/projects/grmpy/data/bids_datalad/sub-20699/ses-1/func/sub-20699_ses-1_task-fracback_acq-singleband_bold.nii.gz	/cbica/projects/grmpy/sourcedata/GRMPY_822831_log/SUBJECTS/20699/SESSIONS/11303/ACQUISITIONS/bbl1_fracback1_231mb/FILES/20699-frac2B_1.00.log
sub-20809	/cbica/projects/grmpy/data/bids_datalad/sub-20809/ses-1/func/sub-20809_ses-1_task-fracback_acq-singleband_bold.nii.gz	/cbica/projects/grmpy/sourcedata/GRMPY_822831_log/SUBJECTS/20809/SESSIONS/11307/ACQUISITIONS/bbl1_fracback1_231mb/FILES/20809-frac2B_1.00.log
sub-20888	/cbica/projects/grmpy/data/bids_datalad/sub-20888/ses-1/func/sub-20888_ses-1_task-fracback_acq-singleband_bold.nii.gz	/cbica/projects/grmpy/sourcedata/GRMPY_822831_log/SUBJECTS/20888/SESSIONS/11364/ACQUISITIONS/bbl1_fracback1_231mb/FILES/20888-frac2B_1.00.log
sub-20940	/cbica/projects/grmpy/data/bids_datalad/sub-20940/ses-1/func/sub-20940_ses-1_task-fracback_acq-singleband_bold.nii.gz	/cbica/projects/grmpy/sourcedata/GRMPY_822831_log/SUBJECTS/20940/SESSIONS/11401/ACQUISITIONS/bbl1_fracback1_231mb/FILES/20940-frac2B_1.00.log
sub-20941	/cbica/projects/grmpy/data/bids_datalad/sub-20941/ses-1/func/sub-20941_ses-1_task-fracback_acq-singleband_bold.nii.gz	/cbica/projects/grmpy/sourcedata/GRMPY_822831_log/SUBJECTS/20941/SESSIONS/11403/ACQUISITIONS/bbl1_fracback1_231mb/FILES/20941-frac2B_1.00.log
sub-20949	/cbica/projects/grmpy/data/bids_datalad/sub-20949/ses-1/func/sub-20949_ses-1_task-fracback_acq-singleband_bold.nii.gz	/cbica/projects/grmpy/sourcedata/GRMPY_822831_log/SUBJECTS/20949/SESSIONS/11422/ACQUISITIONS/bbl1_fracback1_231mb/FILES/20949-frac2B_1.00.log
sub-20963	/cbica/projects/grmpy/data/bids_datalad/sub-20963/ses-1/func/sub-20963_ses-1_task-fracback_acq-singleband_bold.nii.gz	/cbica/projects/grmpy/sourcedata/GRMPY_822831_log/SUBJECTS/20963/SESSIONS/11414/ACQUISITIONS/bbl1_fracback1_231mb/FILES/20963-frac2B_1.00.log
sub-20974	/cbica/projects/grmpy/data/bids_datalad/sub-20974/ses-1/func/sub-20974_ses-1_task-fracback_acq-singleband_bold.nii.gz	/cbica/projects/grmpy/sourcedata/GRMPY_822831_log/SUBJECTS/20974/SESSIONS/11415/ACQUISITIONS/bbl1_fracback1_231mb/FILES/20974-frac2B_1.00.log
sub-20981	/cbica/projects/grmpy/data/bids_datalad/sub-20981/ses-1/func/sub-20981_ses-1_task-fracback_acq-singleband_bold.nii.gz	
sub-21016	/cbica/projects/grmpy/data/bids_datalad/sub-21016/ses-1/func/sub-21016_ses-1_task-fracback_acq-singleband_bold.nii.gz	/cbica/projects/grmpy/sourcedata/GRMPY_822831_log/SUBJECTS/21016/SESSIONS/11431/ACQUISITIONS/bbl1_fracback1_231mb/FILES/21016-frac2B_1.00.log
sub-21056	/cbica/projects/grmpy/data/bids_datalad/sub-21056/ses-1/func/sub-21056_ses-1_task-fracback_acq-singleband_bold.nii.gz	/cbica/projects/grmpy/sourcedata/GRMPY_822831_log/SUBJECTS/21056/SESSIONS/11447/ACQUISITIONS/bbl1_fracback1_231mb/FILES/21056-frac2B_1.00.log
sub-21059	/cbica/projects/grmpy/data/bids_datalad/sub-21059/ses-1/func/sub-21059_ses-1_task-fracback_acq-singleband_bold.nii.gz	
sub-21085	/cbica/projects/grmpy/data/bids_datalad/sub-21085/ses-1/func/sub-21085_ses-1_task-fracback_acq-singleband_bold.nii.gz	/cbica/projects/grmpy/sourcedata/GRMPY_822831_log/SUBJECTS/21085/SESSIONS/11456/ACQUISITIONS/bbl1_fracback1_231mb/FILES/21085-frac2B_1.00.log
sub-80557	/cbica/projects/grmpy/data/bids_datalad/sub-80557/ses-1/func/sub-80557_ses-1_task-fracback_acq-singleband_bold.nii.gz	/cbica/projects/grmpy/sourcedata/GRMPY_822831_log/SUBJECTS/80557/SESSIONS/10863/ACQUISITIONS/18/FILES/80557-frac2B_1.00.log
sub-80688	/cbica/projects/grmpy/data/bids_datalad/sub-80688/ses-1/func/sub-80688_ses-1_task-fracback_acq-singleband_bold.nii.gz	/cbica/projects/grmpy/sourcedata/GRMPY_822831_log/SUBJECTS/80688/SESSIONS/10982/ACQUISITIONS/18/FILES/80688-frac2B_1.00.log
sub-81725	/cbica/projects/grmpy/data/bids_datalad/sub-81725/ses-1/func/sub-81725_ses-1_task-fracback_acq-singleband_bold.nii.gz	/cbica/projects/grmpy/sourcedata/GRMPY_822831_log/SUBJECTS/81725/SESSIONS/10356/ACQUISITIONS/13/FILES/81725-frac2B_1.00.log
sub-81725		/cbica/projects/grmpy/sourcedata/GRMPY_822831_log/SUBJECTS/81725/SESSIONS/10356/ACQUISITIONS/18/FILES/81725-frac2B_1.00.log
sub-81760	/cbica/projects/grmpy/data/bids_datalad/sub-81760/ses-1/func/sub-81760_ses-1_task-fracback_acq-singleband_bold.nii.gz	/cbica/projects/grmpy/sourcedata/GRMPY_822831_log/SUBJECTS/81760/SESSIONS/10132/ACQUISITIONS/16/FILES/81760-frac2B_1.00.log
sub-82051	/cbica/projects/grmpy/data/bids_datalad/sub-82051/ses-1/func/sub-82051_ses-1_task-fracback_acq-singleband_bold.nii.gz	/cbica/projects/grmpy/sourcedata/GRMPY_822831_log/SUBJECTS/82051/SESSIONS/9947/ACQUISITIONS/12/FILES/82051-frac2B_1.00.log
sub-82063	/cbica/projects/grmpy/data/bids_datalad/sub-82063/ses-1/func/sub-82063_ses-1_task-fracback_acq-singleband_bold.nii.gz	/cbica/projects/grmpy/sourcedata/GRMPY_822831_log/SUBJECTS/82063/SESSIONS/9980/ACQUISITIONS/12/FILES/82063-frac2B_1.00.log
sub-82492	/cbica/projects/grmpy/data/bids_datalad/sub-82492/ses-1/func/sub-82492_ses-1_task-fracback_acq-singleband_bold.nii.gz	/cbica/projects/grmpy/sourcedata/GRMPY_822831_log/SUBJECTS/82492/SESSIONS/10046/ACQUISITIONS/13/FILES/82492-frac2B_1.00.log
sub-82790	/cbica/projects/grmpy/data/bids_datalad/sub-82790/ses-1/func/sub-82790_ses-1_task-fracback_acq-singleband_bold.nii.gz	/cbica/projects/grmpy/sourcedata/GRMPY_822831_log/SUBJECTS/82790/SESSIONS/10059/ACQUISITIONS/13/FILES/82790-frac2B_1.00.log
sub-83010	/cbica/projects/grmpy/data/bids_datalad/sub-83010/ses-1/func/sub-83010_ses-1_task-fracback_acq-singleband_bold.nii.gz	/cbica/projects/grmpy/sourcedata/GRMPY_822831_log/SUBJECTS/83010/SESSIONS/10101/ACQUISITIONS/13/FILES/83010-frac2B_1.00.log
sub-83372		/cbica/projects/grmpy/sourcedata/GRMPY_822831_log/SUBJECTS/83372/SESSIONS/11230/ACQUISITIONS/bbl1_fracback1_231mb/FILES/83372-frac2B_1.00.log
sub-83454	/cbica/projects/grmpy/data/bids_datalad/sub-83454/ses-1/func/sub-83454_ses-1_task-fracback_acq-singleband_bold.nii.gz	/cbica/projects/grmpy/sourcedata/GRMPY_822831_log/SUBJECTS/83454/SESSIONS/10161/ACQUISITIONS/16/FILES/83454-frac2B_1.00.log
sub-83835	/cbica/projects/grmpy/data/bids_datalad/sub-83835/ses-1/func/sub-83835_ses-1_task-fracback_acq-singleband_bold.nii.gz	/cbica/projects/grmpy/sourcedata/GRMPY_822831_log/SUBJECTS/83835/SESSIONS/10777/ACQUISITIONS/18/FILES/83835-frac2B_1.00.log
sub-83999	/cbica/projects/grmpy/data/bids_datalad/sub-83999/ses-1/func/sub-83999_ses-1_task-fracback_acq-singleband_bold.nii.gz	/cbica/projects/grmpy/sourcedata/GRMPY_822831_log/SUBJECTS/83999/SESSIONS/10099/ACQUISITIONS/17/FILES/83999-frac2B_1.00.log
sub-84103	/cbica/projects/grmpy/data/bids_datalad/sub-84103/ses-1/func/sub-84103_ses-1_task-fracback_acq-singleband_bold.nii.gz	/cbica/projects/grmpy/sourcedata/GRMPY_822831_log/SUBJECTS/84103/SESSIONS/9970/ACQUISITIONS/12/FILES/84103-frac2B_1.00.log
sub-84688	/cbica/projects/grmpy/data/bids_datalad/sub-84688/ses-1/func/sub-84688_ses-1_task-fracback_acq-singleband_bold.nii.gz	/cbica/projects/grmpy/sourcedata/GRMPY_822831_log/SUBJECTS/84688/SESSIONS/10471/ACQUISITIONS/18/FILES/84688-frac2B_1.00.log
sub-84761	/cbica/projects/grmpy/data/bids_datalad/sub-84761/ses-1/func/sub-84761_ses-1_task-fracback_acq-singlebandVARIANTObliquityFalse_bold.nii.gz	/cbica/projects/grmpy/sourcedata/GRMPY_822831_log/SUBJECTS/84761/SESSIONS/10278/ACQUISITIONS/18/FILES/84761-frac2B_1.00.log
sub-84973	/cbica/projects/grmpy/data/bids_datalad/sub-84973/ses-1/func/sub-84973_ses-1_task-fracback_acq-singleband_bold.nii.gz	/cbica/projects/grmpy/sourcedata/GRMPY_822831_log/SUBJECTS/84973/SESSIONS/10075/ACQUISITIONS/13/FILES/84973-frac2B_1.00.log
sub-85083	/cbica/projects/grmpy/data/bids_datalad/sub-85083/ses-1/func/sub-85083_ses-1_task-fracback_acq-singleband_bold.nii.gz	/cbica/projects/grmpy/sourcedata/GRMPY_822831_log/SUBJECTS/85083/SESSIONS/10577/ACQUISITIONS/19/FILES/85083-frac2B_1.00.log
sub-85173	/cbica/projects/grmpy/data/bids_datalad/sub-85173/ses-1/func/sub-85173_ses-1_task-fracback_acq-singleband_bold.nii.gz	/cbica/projects/grmpy/sourcedata/GRMPY_822831_log/SUBJECTS/85173/SESSIONS/10069/ACQUISITIONS/17/FILES/85173-frac2B_1.00.log
sub-85369	/cbica/projects/grmpy/data/bids_datalad/sub-85369/ses-1/func/sub-85369_ses-1_task-fracback_acq-singleband_bold.nii.gz	/cbica/projects/grmpy/sourcedata/GRMPY_822831_log/SUBJECTS/85369/SESSIONS/10361/ACQUISITIONS/17/FILES/85369-frac2B_1.00.log
sub-85743	/cbica/projects/grmpy/data/bids_datalad/sub-85743/ses-1/func/sub-85743_ses-1_task-fracback_acq-singleband_bold.nii.gz	
sub-85853	/cbica/projects/grmpy/data/bids_datalad/sub-85853/ses-1/func/sub-85853_ses-1_task-fracback_acq-singleband_bold.nii.gz	/cbica/projects/grmpy/sourcedata/GRMPY_822831_log/SUBJECTS/85853/SESSIONS/10103/ACQUISITIONS/13/FILES/85853-frac2B_1.00.log
sub-86287	/cbica/projects/grmpy/data/bids_datalad/sub-86287/ses-1/func/sub-86287_ses-1_task-fracback_acq-singleband_bold.nii.gz	/cbica/projects/grmpy/sourcedata/GRMPY_822831_log/SUBJECTS/86287/SESSIONS/10083/ACQUISITIONS/13/FILES/86287-frac2B_1.00.log
sub-86350	/cbica/projects/grmpy/data/bids_datalad/sub-86350/ses-1/func/sub-86350_ses-1_task-fracback_acq-singleband_bold.nii.gz	/cbica/projects/grmpy/sourcedata/GRMPY_822831_log/SUBJECTS/86350/SESSIONS/9955/ACQUISITIONS/13/FILES/86350-frac2B_1.00.log
sub-86444	/cbica/projects/grmpy/data/bids_datalad/sub-86444/ses-1/func/sub-86444_ses-1_task-fracback_acq-singleband_bold.nii.gz	/cbica/projects/grmpy/sourcedata/GRMPY_822831_log/SUBJECTS/86444/SESSIONS/10076/ACQUISITIONS/13/FILES/86444-frac2B_1.00.log
sub-86486	/cbica/projects/grmpy/data/bids_datalad/sub-86486/ses-1/func/sub-86486_ses-1_task-fracback_acq-singleband_bold.nii.gz	/cbica/projects/grmpy/sourcedata/GRMPY_822831_log/SUBJECTS/86486/SESSIONS/11196/ACQUISITIONS/bbl1_fracback1_231mb/FILES/86486-frac2B_1.00.log
sub-86722	/cbica/projects/grmpy/data/bids_datalad/sub-86722/ses-1/func/sub-86722_ses-1_task-fracback_acq-singleband_bold.nii.gz	/cbica/projects/grmpy/sourcedata/GRMPY_822831_log/SUBJECTS/86722/SESSIONS/10885/ACQUISITIONS/19/FILES/86722-frac2B_1.00.log
sub-86924	/cbica/projects/grmpy/data/bids_datalad/sub-86924/ses-1/func/sub-86924_ses-1_task-fracback_acq-singleband_bold.nii.gz	/cbica/projects/grmpy/sourcedata/GRMPY_822831_log/SUBJECTS/86924/SESSIONS/10035/ACQUISITIONS/14/FILES/86924-frac2B_1.00.log
sub-86972	/cbica/projects/grmpy/data/bids_datalad/sub-86972/ses-1/func/sub-86972_ses-1_task-fracback_acq-singleband_bold.nii.gz	/cbica/projects/grmpy/sourcedata/GRMPY_822831_log/SUBJECTS/86972/SESSIONS/10876/ACQUISITIONS/18/FILES/86972-frac2B_1.00.log
sub-87135	/cbica/projects/grmpy/data/bids_datalad/sub-87135/ses-1/func/sub-87135_ses-1_task-fracback_acq-singleband_bold.nii.gz	/cbica/projects/grmpy/sourcedata/GRMPY_822831_log/SUBJECTS/87135/SESSIONS/9969/ACQUISITIONS/12/FILES/87135-frac2B_1.00.log
sub-87346		/cbica/projects/grmpy/sourcedata/GRMPY_822831_log/SUBJECTS/87346/SESSIONS/10597/ACQUISITIONS/18/FILES/87346-frac2B_1.1.log
sub-87445	/cbica/projects/grmpy/data/bids_datalad/sub-87445/ses-1/func/sub-87445_ses-1_task-fracback_acq-singleband_bold.nii.gz	/cbica/projects/grmpy/sourcedata/GRMPY_822831_log/SUBJECTS/87445/SESSIONS/11153/ACQUISITIONS/18/FILES/87445-frac2B_1.00.log
sub-87457	/cbica/projects/grmpy/data/bids_datalad/sub-87457/ses-1/func/sub-87457_ses-1_task-fracback_acq-singleband_bold.nii.gz	/cbica/projects/grmpy/sourcedata/GRMPY_822831_log/SUBJECTS/87457/SESSIONS/10081/ACQUISITIONS/14/FILES/87457-frac2B_1.00.log
sub-87538	/cbica/projects/grmpy/data/bids_datalad/sub-87538/ses-1/func/sub-87538_ses-1_task-fracback_acq-singleband_bold.nii.gz	/cbica/projects/grmpy/sourcedata/GRMPY_822831_log/SUBJECTS/87538/SESSIONS/9942/ACQUISITIONS/20/FILES/87538-frac2B_1.00.log
sub-87563	/cbica/projects/grmpy/data/bids_datalad/sub-87563/ses-1/func/sub-87563_ses-1_task-fracback_acq-singleband_bold.nii.gz	/cbica/projects/grmpy/sourcedata/GRMPY_822831_log/SUBJECTS/87563/SESSIONS/10329/ACQUISITIONS/18/FILES/87563-frac2B_1.00.log
sub-87601	/cbica/projects/grmpy/data/bids_datalad/sub-87601/ses-1/func/sub-87601_ses-1_task-fracback_acq-singleband_bold.nii.gz	/cbica/projects/grmpy/sourcedata/GRMPY_822831_log/SUBJECTS/87601/SESSIONS/10595/ACQUISITIONS/10/FILES/87601-frac2B_1.00.log
sub-87601		/cbica/projects/grmpy/sourcedata/GRMPY_822831_log/SUBJECTS/87601/SESSIONS/10595/ACQUISITIONS/18/FILES/87601-frac2B_1.00.log
sub-87646	/cbica/projects/grmpy/data/bids_datalad/sub-87646/ses-1/func/sub-87646_ses-1_task-fracback_acq-singleband_bold.nii.gz	/cbica/projects/grmpy/sourcedata/GRMPY_822831_log/SUBJECTS/87646/SESSIONS/10496/ACQUISITIONS/18/FILES/87646-frac2B_1.00.log
sub-87804	/cbica/projects/grmpy/data/bids_datalad/sub-87804/ses-1/func/sub-87804_ses-1_task-fracback_acq-singleband_bold.nii.gz	/cbica/projects/grmpy/sourcedata/GRMPY_822831_log/SUBJECTS/87804/SESSIONS/10026/ACQUISITIONS/13/FILES/87804-frac2B_1.00.log
sub-87990	/cbica/projects/grmpy/data/bids_datalad/sub-87990/ses-1/func/sub-87990_ses-1_task-fracback_acq-singleband_bold.nii.gz	/cbica/projects/grmpy/sourcedata/GRMPY_822831_log/SUBJECTS/87990/SESSIONS/9995/ACQUISITIONS/13/FILES/87990-frac2B_1.1.log
sub-88209	/cbica/projects/grmpy/data/bids_datalad/sub-88209/ses-1/func/sub-88209_ses-1_task-fracback_acq-singleband_bold.nii.gz	/cbica/projects/grmpy/sourcedata/GRMPY_822831_log/SUBJECTS/88209/SESSIONS/10057/ACQUISITIONS/13/FILES/88209-frac2B_1.00.log
sub-88402	/cbica/projects/grmpy/data/bids_datalad/sub-88402/ses-1/func/sub-88402_ses-1_task-fracback_acq-singleband_bold.nii.gz	/cbica/projects/grmpy/sourcedata/GRMPY_822831_log/SUBJECTS/88402/SESSIONS/10679/ACQUISITIONS/18/FILES/88402-frac2B_1.00.log
sub-88589	/cbica/projects/grmpy/data/bids_datalad/sub-88589/ses-1/func/sub-88589_ses-1_task-fracback_acq-singleband_bold.nii.gz	/cbica/projects/grmpy/sourcedata/GRMPY_822831_log/SUBJECTS/88589/SESSIONS/10975/ACQUISITIONS/18/FILES/88589-frac2B_1.00.log
sub-88608	/cbica/projects/grmpy/data/bids_datalad/sub-88608/ses-1/func/sub-88608_ses-1_task-fracback_acq-singleband_bold.nii.gz	/cbica/projects/grmpy/sourcedata/GRMPY_822831_log/SUBJECTS/88608/SESSIONS/10165/ACQUISITIONS/16/FILES/88608-frac2B_1.00.log
sub-88760	/cbica/projects/grmpy/data/bids_datalad/sub-88760/ses-1/func/sub-88760_ses-1_task-fracback_acq-singleband_bold.nii.gz	/cbica/projects/grmpy/sourcedata/GRMPY_822831_log/SUBJECTS/88760/SESSIONS/11150/ACQUISITIONS/18/FILES/88760-frac2B_1.00.log
sub-88770	/cbica/projects/grmpy/data/bids_datalad/sub-88770/ses-1/func/sub-88770_ses-1_task-fracback_acq-singleband_bold.nii.gz	/cbica/projects/grmpy/sourcedata/GRMPY_822831_log/SUBJECTS/88770/SESSIONS/10376/ACQUISITIONS/18/FILES/88770-frac2B_1.00.log
sub-89279	/cbica/projects/grmpy/data/bids_datalad/sub-89279/ses-1/func/sub-89279_ses-1_task-fracback_acq-singleband_bold.nii.gz	/cbica/projects/grmpy/sourcedata/GRMPY_822831_log/SUBJECTS/89279/SESSIONS/10816/ACQUISITIONS/18/FILES/89279-frac2B_1.00.log
sub-89377	/cbica/projects/grmpy/data/bids_datalad/sub-89377/ses-1/func/sub-89377_ses-1_task-fracback_acq-singleband_bold.nii.gz	/cbica/projects/grmpy/sourcedata/GRMPY_822831_log/SUBJECTS/89377/SESSIONS/10624/ACQUISITIONS/19/FILES/89377-frac2B_1.00.log
sub-90021	/cbica/projects/grmpy/data/bids_datalad/sub-90021/ses-1/func/sub-90021_ses-1_task-fracback_acq-singleband_bold.nii.gz	/cbica/projects/grmpy/sourcedata/GRMPY_822831_log/SUBJECTS/90021/SESSIONS/10830/ACQUISITIONS/18/FILES/90021-frac2B_1.00.log
sub-90077	/cbica/projects/grmpy/data/bids_datalad/sub-90077/ses-1/func/sub-90077_ses-1_task-fracback_acq-singleband_bold.nii.gz	/cbica/projects/grmpy/sourcedata/GRMPY_822831_log/SUBJECTS/90077/SESSIONS/10627/ACQUISITIONS/19/FILES/90077-frac2B_1.00.log
sub-90262	/cbica/projects/grmpy/data/bids_datalad/sub-90262/ses-1/func/sub-90262_ses-1_task-fracback_acq-singleband_bold.nii.gz	/cbica/projects/grmpy/sourcedata/GRMPY_822831_log/SUBJECTS/90262/SESSIONS/10131/ACQUISITIONS/16/FILES/90262-frac2B_1.00.log
sub-90281	/cbica/projects/grmpy/data/bids_datalad/sub-90281/ses-1/func/sub-90281_ses-1_task-fracback_acq-singleband_bold.nii.gz	/cbica/projects/grmpy/sourcedata/GRMPY_822831_log/SUBJECTS/90281/SESSIONS/10147/ACQUISITIONS/16/FILES/90281-frac2B_1.00.log
sub-91717	/cbica/projects/grmpy/data/bids_datalad/sub-91717/ses-1/func/sub-91717_ses-1_task-fracback_acq-singleband_bold.nii.gz	/cbica/projects/grmpy/sourcedata/GRMPY_822831_log/SUBJECTS/91717/SESSIONS/10878/ACQUISITIONS/18/FILES/91717-frac2B_1.00.log
sub-91962	/cbica/projects/grmpy/data/bids_datalad/sub-91962/ses-1/func/sub-91962_ses-1_task-fracback_acq-singleband_bold.nii.gz	/cbica/projects/grmpy/sourcedata/GRMPY_822831_log/SUBJECTS/91962/SESSIONS/10569/ACQUISITIONS/17/FILES/91962-frac2B_1.00.log
sub-92089	/cbica/projects/grmpy/data/bids_datalad/sub-92089/ses-1/func/sub-92089_ses-1_task-fracback_acq-singleband_bold.nii.gz	/cbica/projects/grmpy/sourcedata/GRMPY_822831_log/SUBJECTS/92089/SESSIONS/11104/ACQUISITIONS/18/FILES/92089-frac2B_1.00.log
sub-92182	/cbica/projects/grmpy/data/bids_datalad/sub-92182/ses-1/func/sub-92182_ses-1_task-fracback_acq-singleband_bold.nii.gz	/cbica/projects/grmpy/sourcedata/GRMPY_822831_log/SUBJECTS/92182/SESSIONS/10905/ACQUISITIONS/18/FILES/92182-frac2B_1.00.log
sub-92193	/cbica/projects/grmpy/data/bids_datalad/sub-92193/ses-1/func/sub-92193_ses-1_task-fracback_acq-singlebandVARIANTObliquityFalse_bold.nii.gz	/cbica/projects/grmpy/sourcedata/GRMPY_822831_log/SUBJECTS/92193/SESSIONS/10642/ACQUISITIONS/19/FILES/92193-frac2B_1.00.log
sub-92211	/cbica/projects/grmpy/data/bids_datalad/sub-92211/ses-1/func/sub-92211_ses-1_task-fracback_acq-singleband_bold.nii.gz	/cbica/projects/grmpy/sourcedata/GRMPY_822831_log/SUBJECTS/92211/SESSIONS/10435/ACQUISITIONS/18/FILES/92211-frac2B_1.00.log
sub-92554	/cbica/projects/grmpy/data/bids_datalad/sub-92554/ses-1/func/sub-92554_ses-1_task-fracback_acq-singleband_bold.nii.gz	/cbica/projects/grmpy/sourcedata/GRMPY_822831_log/SUBJECTS/92554/SESSIONS/10133/ACQUISITIONS/16/FILES/92554-frac2B_1.00.log
sub-92927	/cbica/projects/grmpy/data/bids_datalad/sub-92927/ses-1/func/sub-92927_ses-1_task-fracback_acq-singleband_bold.nii.gz	/cbica/projects/grmpy/sourcedata/GRMPY_822831_log/SUBJECTS/92927/SESSIONS/10417/ACQUISITIONS/18/FILES/92927-frac2B_1.00.log
sub-93051	/cbica/projects/grmpy/data/bids_datalad/sub-93051/ses-1/func/sub-93051_ses-1_task-fracback_acq-singleband_bold.nii.gz	/cbica/projects/grmpy/sourcedata/GRMPY_822831_log/SUBJECTS/93051/SESSIONS/10149/ACQUISITIONS/16/FILES/93051-frac2B_1.00.log
sub-93169	/cbica/projects/grmpy/data/bids_datalad/sub-93169/ses-1/func/sub-93169_ses-1_task-fracback_acq-singleband_bold.nii.gz	/cbica/projects/grmpy/sourcedata/GRMPY_822831_log/SUBJECTS/93169/SESSIONS/10113/ACQUISITIONS/13/FILES/93169-frac2B_1.00.log
sub-93274	/cbica/projects/grmpy/data/bids_datalad/sub-93274/ses-1/func/sub-93274_ses-1_task-fracback_acq-singleband_bold.nii.gz	/cbica/projects/grmpy/sourcedata/GRMPY_822831_log/SUBJECTS/93274/SESSIONS/10785/ACQUISITIONS/18/FILES/93274-frac2B_1.00.log
sub-93278	/cbica/projects/grmpy/data/bids_datalad/sub-93278/ses-1/func/sub-93278_ses-1_task-fracback_acq-singleband_bold.nii.gz	/cbica/projects/grmpy/sourcedata/GRMPY_822831_log/SUBJECTS/93278/SESSIONS/10148/ACQUISITIONS/16/FILES/93278-frac2B_1.00.log
sub-93517	/cbica/projects/grmpy/data/bids_datalad/sub-93517/ses-1/func/sub-93517_ses-1_task-fracback_acq-singleband_bold.nii.gz	/cbica/projects/grmpy/sourcedata/GRMPY_822831_log/SUBJECTS/93517/SESSIONS/10932/ACQUISITIONS/18/FILES/93517-frac2B_1.00.log
sub-93549	/cbica/projects/grmpy/data/bids_datalad/sub-93549/ses-1/func/sub-93549_ses-1_task-fracback_acq-singleband_bold.nii.gz	/cbica/projects/grmpy/sourcedata/GRMPY_822831_log/SUBJECTS/93549/SESSIONS/10474/ACQUISITIONS/18/FILES/93549-frac2B_1.00.log
sub-93723	/cbica/projects/grmpy/data/bids_datalad/sub-93723/ses-1/func/sub-93723_ses-1_task-fracback_acq-singleband_bold.nii.gz	/cbica/projects/grmpy/sourcedata/GRMPY_822831_log/SUBJECTS/93723/SESSIONS/10956/ACQUISITIONS/18/FILES/93723-frac2B_1.00.log
sub-93734	/cbica/projects/grmpy/data/bids_datalad/sub-93734/ses-1/func/sub-93734_ses-1_task-fracback_acq-singleband_bold.nii.gz	/cbica/projects/grmpy/sourcedata/GRMPY_822831_log/SUBJECTS/93734/SESSIONS/10092/ACQUISITIONS/13/FILES/93734-frac2B_1.00.log
sub-93787	/cbica/projects/grmpy/data/bids_datalad/sub-93787/ses-1/func/sub-93787_ses-1_task-fracback_acq-singleband_bold.nii.gz	/cbica/projects/grmpy/sourcedata/GRMPY_822831_log/SUBJECTS/93787/SESSIONS/10163/ACQUISITIONS/16/FILES/93787-frac2B_1.00.log
sub-93856	/cbica/projects/grmpy/data/bids_datalad/sub-93856/ses-1/func/sub-93856_ses-1_task-fracback_acq-singleband_bold.nii.gz	/cbica/projects/grmpy/sourcedata/GRMPY_822831_log/SUBJECTS/93856/SESSIONS/10352/ACQUISITIONS/18/FILES/93856-frac2B_1.00.log
sub-94276	/cbica/projects/grmpy/data/bids_datalad/sub-94276/ses-1/func/sub-94276_ses-1_task-fracback_acq-singleband_bold.nii.gz	/cbica/projects/grmpy/sourcedata/GRMPY_822831_log/SUBJECTS/94276/SESSIONS/10957/ACQUISITIONS/18/FILES/94276-frac2B_1.00.log
sub-94492	/cbica/projects/grmpy/data/bids_datalad/sub-94492/ses-1/func/sub-94492_ses-1_task-fracback_acq-singleband_bold.nii.gz	/cbica/projects/grmpy/sourcedata/GRMPY_822831_log/SUBJECTS/94492/SESSIONS/11251/ACQUISITIONS/bbl1_fracback1_231mb/FILES/94492-frac2B_1.00.log
sub-95057	/cbica/projects/grmpy/data/bids_datalad/sub-95057/ses-1/func/sub-95057_ses-1_task-fracback_acq-singleband_bold.nii.gz	/cbica/projects/grmpy/sourcedata/GRMPY_822831_log/SUBJECTS/95057/SESSIONS/10778/ACQUISITIONS/18/FILES/95057-frac2B_1.00.log
sub-95116	/cbica/projects/grmpy/data/bids_datalad/sub-95116/ses-1/func/sub-95116_ses-1_task-fracback_acq-singleband_bold.nii.gz	/cbica/projects/grmpy/sourcedata/GRMPY_822831_log/SUBJECTS/95116/SESSIONS/10891/ACQUISITIONS/18/FILES/95116-frac2B_1.00.log
sub-95257	/cbica/projects/grmpy/data/bids_datalad/sub-95257/ses-1/func/sub-95257_ses-1_task-fracback_acq-singlebandVARIANTObliquityFalse_bold.nii.gz	/cbica/projects/grmpy/sourcedata/GRMPY_822831_log/SUBJECTS/95257/SESSIONS/11252/ACQUISITIONS/bbl1_fracback1_231mb/FILES/95257-frac2B_1.00.log
sub-95460	/cbica/projects/grmpy/data/bids_datalad/sub-95460/ses-1/func/sub-95460_ses-1_task-fracback_acq-singleband_bold.nii.gz	/cbica/projects/grmpy/sourcedata/GRMPY_822831_log/SUBJECTS/95460/SESSIONS/10586/ACQUISITIONS/18/FILES/95460-frac2B_1.00.log
sub-96659	/cbica/projects/grmpy/data/bids_datalad/sub-96659/ses-1/func/sub-96659_ses-1_task-fracback_acq-singleband_bold.nii.gz	/cbica/projects/grmpy/sourcedata/GRMPY_822831_log/SUBJECTS/96659/SESSIONS/10362/ACQUISITIONS/18/FILES/96659-frac2B_1.00.log
sub-97092	/cbica/projects/grmpy/data/bids_datalad/sub-97092/ses-1/func/sub-97092_ses-1_task-fracback_acq-singleband_bold.nii.gz	/cbica/projects/grmpy/sourcedata/GRMPY_822831_log/SUBJECTS/97092/SESSIONS/10279/ACQUISITIONS/18/FILES/97092-frac2B_1.00.log
sub-97271	/cbica/projects/grmpy/data/bids_datalad/sub-97271/ses-1/func/sub-97271_ses-1_task-fracback_acq-singleband_bold.nii.gz	/cbica/projects/grmpy/sourcedata/GRMPY_822831_log/SUBJECTS/97271/SESSIONS/10366/ACQUISITIONS/18/FILES/97271_1-frac2B_1.00.log
sub-97485	/cbica/projects/grmpy/data/bids_datalad/sub-97485/ses-1/func/sub-97485_ses-1_task-fracback_acq-singleband_bold.nii.gz	/cbica/projects/grmpy/sourcedata/GRMPY_822831_log/SUBJECTS/97485/SESSIONS/10402/ACQUISITIONS/18/FILES/97485-frac2B_1.00.log
sub-97994	/cbica/projects/grmpy/data/bids_datalad/sub-97994/ses-1/func/sub-97994_ses-1_task-fracback_acq-singleband_bold.nii.gz	/cbica/projects/grmpy/sourcedata/GRMPY_822831_log/SUBJECTS/97994/SESSIONS/10584/ACQUISITIONS/18/FILES/97994-frac2B_1.00.log
sub-98394	/cbica/projects/grmpy/data/bids_datalad/sub-98394/ses-1/func/sub-98394_ses-1_task-fracback_acq-singleband_bold.nii.gz	/cbica/projects/grmpy/sourcedata/GRMPY_822831_log/SUBJECTS/98394/SESSIONS/10025/ACQUISITIONS/14/FILES/98394-frac2B_1.00.log
sub-98422	/cbica/projects/grmpy/data/bids_datalad/sub-98422/ses-1/func/sub-98422_ses-1_task-fracback_acq-singleband_bold.nii.gz	/cbica/projects/grmpy/sourcedata/GRMPY_822831_log/SUBJECTS/98422/SESSIONS/11250/ACQUISITIONS/bbl1_fracback1_231mb/FILES/98422-frac2B_1.00.log
sub-98535	/cbica/projects/grmpy/data/bids_datalad/sub-98535/ses-1/func/sub-98535_ses-1_task-fracback_acq-singleband_bold.nii.gz	/cbica/projects/grmpy/sourcedata/GRMPY_822831_log/SUBJECTS/98535/SESSIONS/11254/ACQUISITIONS/bbl1_fracback1_231mb/FILES/98535-frac2B_1.00.log
sub-98567	/cbica/projects/grmpy/data/bids_datalad/sub-98567/ses-1/func/sub-98567_ses-1_task-fracback_acq-singleband_bold.nii.gz	/cbica/projects/grmpy/sourcedata/GRMPY_822831_log/SUBJECTS/98567/SESSIONS/10554/ACQUISITIONS/18/FILES/98567-frac2B_1.00.log
sub-98831	/cbica/projects/grmpy/data/bids_datalad/sub-98831/ses-1/func/sub-98831_ses-1_task-fracback_acq-singleband_bold.nii.gz	/cbica/projects/grmpy/sourcedata/GRMPY_822831_log/SUBJECTS/98831/SESSIONS/10084/ACQUISITIONS/14/FILES/98831-frac2B_1.00.log
sub-98871	/cbica/projects/grmpy/data/bids_datalad/sub-98871/ses-1/func/sub-98871_ses-1_task-fracback_acq-singleband_bold.nii.gz	/cbica/projects/grmpy/sourcedata/GRMPY_822831_log/SUBJECTS/98871/SESSIONS/10717/ACQUISITIONS/18/FILES/98871-frac2B_1.00.log
sub-99604	/cbica/projects/grmpy/data/bids_datalad/sub-99604/ses-1/func/sub-99604_ses-1_task-fracback_acq-singleband_bold.nii.gz	/cbica/projects/grmpy/sourcedata/GRMPY_822831_log/SUBJECTS/99604/SESSIONS/10633/ACQUISITIONS/18/FILES/99604-frac2B_1.00.log
sub-99949	/cbica/projects/grmpy/data/bids_datalad/sub-99949/ses-1/func/sub-99949_ses-1_task-fracback_acq-singleband_bold.nii.gz	/cbica/projects/grmpy/sourcedata/GRMPY_822831_log/SUBJECTS/99949/SESSIONS/10326/ACQUISITIONS/18/FILES/99949-frac2B_1.00.log
sub-99964	/cbica/projects/grmpy/data/bids_datalad/sub-99964/ses-1/func/sub-99964_ses-1_task-fracback_acq-singleband_bold.nii.gz	/cbica/projects/grmpy/sourcedata/GRMPY_822831_log/SUBJECTS/99964/SESSIONS/10105/ACQUISITIONS/13/FILES/99964-frac2B_1.00.log
